<PAMDataset>
  <PAMRasterBand band="1">
    <Histograms>
      <HistItem>
        <HistMin>0.5294117647058824</HistMin>
        <HistMax>17.47058823529412</HistMax>
        <BucketCount>17</BucketCount>
        <IncludeOutOfRange>0</IncludeOutOfRange>
        <Approximate>0</Approximate>
        <HistCounts>6515|264028|380441|27847|221436|2266614|190|802939|3296626|27541|33766616|1433446|4128|3455902|209757|12925|444898</HistCounts>
      </HistItem>
    </Histograms>
    <Metadata>
      <MDI key="STATISTICS_MAXIMUM">17</MDI>
      <MDI key="STATISTICS_MEAN">10.742835896534</MDI>
      <MDI key="STATISTICS_MINIMUM">1</MDI>
      <MDI key="STATISTICS_STDDEV">1.9757715197112</MDI>
      <MDI key="STATISTICS_VALID_PERCENT">5.686</MDI>
    </Metadata>
  </PAMRasterBand>
</PAMDataset>
